Product Link,Image URL,Category,Gender,Brand,Description,Ratings,Ratings Count,Price
https://www.myntra.com/shirts/united+colors+of+benetton/united-colors-of-benetton-men-solid-slim-fit-opaque-formal-shirt/29973679/buy,"https://assets.myntassets.com/dpr_2,q_60,w_210,c_limit,fl_progressive/assets/images/29973679/2024/6/15/aa8a6bbd-2c39-4339-aa36-507fdd4b14ef1718460319637UnitedColorsofBenettonMenSlimFitOpaqueFormalShirt1.jpg",shirts,M,United Colors of Benetton,Men Solid Opaque Formal Shirt,4.6,68,1499
https://www.myntra.com/shirts/ad+by+arvind/ad-by-arvind-vertical-stripe-formal-shirt/22286840/buy,"https://assets.myntassets.com/dpr_2,q_60,w_210,c_limit,fl_progressive/assets/images/22286840/2023/3/10/4f9b22e9-0f25-40a8-bdca-4c7f31cec7671678455834812ADbyArvindVerticalStripeFormalShirt1.jpg",shirts,M,AD By Arvind,Striped Formal Shirt,4.3,443,1151
https://www.myntra.com/shirts/the+bear+house/the-bear-house-men-grey-slim-fit-tartan-checks-checked-casual-shirt/17626900/buy,"https://assets.myntassets.com/dpr_2,q_60,w_210,c_limit,fl_progressive/assets/images/17626900/2022/4/4/85b09a02-bb0d-4e7a-9a41-754486955c4e1649071925066-THE-BEAR-HOUSE-Men-Shirts-6781649071924558-1.jpg",shirts,M,THE BEAR HOUSE,Slim Fit Casual Shirt,4.2,2400,748
https://www.myntra.com/shirts/the+indian+garage+co/the-indian-garage-co-men-white--teal-blue-slim-fit-striped-casual-shirt/10673544/buy,"https://assets.myntassets.com/dpr_2,q_60,w_210,c_limit,fl_progressive/assets/images/10673544/2019/9/24/6b9c7688-7ca2-4d11-9e5b-a3745ecd8f761569310358973-The-Indian-Garage-Co-Men-Shirts-8481569310357131-1.jpg",shirts,M,The Indian Garage Co,Men Slim Fit Casual Shirt,4.1,55200,699
https://www.myntra.com/shirts/snitch/snitch-men-smart-slim-fit-opaque-casual-shirt/30227445/buy,"https://assets.myntassets.com/dpr_2,q_60,w_210,c_limit,fl_progressive/assets/images/30227445/2024/7/16/11dd7eb9-02a4-4a8a-811f-e5b0208aa7ae1721126135125SnitchMenSmartSlimFitOpaqueCasualShirt5.jpg",shirts,M,Snitch,Slim Fit Opaque Casual Shirt,4.1,150,839
https://www.myntra.com/shirts/ketch/ketch-men-slim-fit-tartan-checked-casual-shirt/15997672/buy,"https://assets.myntassets.com/dpr_2,q_60,w_210,c_limit,fl_progressive/assets/images/15997672/2022/7/13/9f20c808-bdeb-4074-8f2e-e8d63333c9d91657686397284KETCHMenWhiteBeigeSlimFitOpaqueTartanCheckedCasualShirt1.jpg",shirts,M,KETCH,Slim Fit Casual Shirt,3.8,4800,359
https://www.myntra.com/shirts/roadster/the-roadster-lifestyle-co-men-light-blue-solid-regular-fit-chambray-casual-shirt/15557590/buy,"https://assets.myntassets.com/dpr_2,q_60,w_210,c_limit,fl_progressive/assets/images/15557590/2022/2/18/a88d594a-0184-4042-baad-01c2d7874cec1645166286136-Roadster-Men-Shirts-4091645166285596-1.jpg",shirts,M,Roadster,Chambray Casual Shirt,4.1,5400,629
https://www.myntra.com/shirts/blackberrys/blackberrys-textured-india-slim-fit-pure-cotton-shirt/30499838/buy,"https://assets.myntassets.com/dpr_2,q_60,w_210,c_limit,fl_progressive/assets/images/30499838/2024/8/31/7f38f357-32ee-4f40-928d-a83935ce3daa1725087908971-Blackberrys-Men-Shirts-8901725087908519-1.jpg",shirts,M,Blackberrys,India Slim Fit Cotton Shirt,4.3,32,1492
https://www.myntra.com/shirts/highlander/highlander-men-pink--white-slim-fit-checked-casual-shirt/11467514/buy,"https://assets.myntassets.com/dpr_2,q_60,w_210,c_limit,fl_progressive/assets/images/11467514/2022/9/26/cec5d2f1-03a7-434d-9cbb-7b0c41a560361664184920735HIGHLANDERMenPinkWhiteSlimFitCheckedCasualShirt1.jpg",shirts,M,HIGHLANDER,Men Slim Fit Casual Shirt,4.2,36400,987
https://www.myntra.com/shirts/campus+sutra/campus-sutra-classic-self-design-spread-collar-casual-shirt/28219632/buy,"https://assets.myntassets.com/dpr_2,q_60,w_210,c_limit,fl_progressive/assets/images/28219632/2024/3/12/2f53aaab-40e1-4c5b-8148-6ad150e5f4341710256687634CampusSutraMenClassicOpaqueCheckedCasualShirt2.jpg",shirts,M,Campus Sutra,Spread Collar Casual Shirt,4.4,10900,835
https://www.myntra.com/shirts/banana+club/banana-club-relaxed-slim-fit-floral-printed-casual-shirt/27920250/buy,"https://assets.myntassets.com/dpr_2,q_60,w_210,c_limit,fl_progressive/assets/images/27920250/2024/2/28/53ea240f-47b6-4791-912c-11dc58f969721709113248455BananaClubMenRelaxedSlimFitFloralOpaqueCasualShirt1.jpg",shirts,M,Banana Club,Slim Fit Printed Casual Shirt,4.1,7,1799
https://www.myntra.com/shirts/highlander/highlander-men-olive-green--black-slim-fit-checked-casual-shirt/11780934/buy,"https://assets.myntassets.com/dpr_2,q_60,w_210,c_limit,fl_progressive/assets/images/11780934/2020/4/3/1ed79c22-68b5-491a-b673-e91e4411d8aa1585905063620HIGHLANDERMenOliveGreenBlackSlimFitCheckedCasualShirt1.jpg",shirts,M,HIGHLANDER,Slim Fit Casual Shirt,4.2,36400,584
https://www.myntra.com/shirts/snitch/snitch-blue-classic-slim-fit-checked-cotton-casual-shirt/28275346/buy,"https://assets.myntassets.com/dpr_2,q_60,w_210,c_limit,fl_progressive/assets/images/28275346/2024/3/14/45c96bba-21fd-48a0-b673-9de37e1991cd1710422364882SnitchMenClassicSlimFitOpaqueCheckedCasualShirt1.jpg",shirts,M,Snitch,Slim Fit Cotton Casual Shirt,4.2,134,1199
https://www.myntra.com/shirts/ad+by+arvind/ad-by-arvind-dobby-regular-fit-formal-shirt/26704808/buy,"https://assets.myntassets.com/dpr_2,q_60,w_210,c_limit,fl_progressive/assets/images/26704808/2023/12/28/841e9784-d814-45ca-99cf-3df5d5a850a61703766317603ADByArvindMenGreenClassicShirt1.jpg",shirts,M,AD By Arvind,Cotton Classic Shirt,4.3,218,1223
https://www.myntra.com/shirts/the+bear+house/the-bear-house-men-maroon--grey-slim-fit-solid-casual-shirt/12853516/buy,"https://assets.myntassets.com/dpr_2,q_60,w_210,c_limit,fl_progressive/assets/images/12853516/2023/2/10/ef847313-84e9-4e73-93b7-86512ad0d5701676013978563THEBEARHOUSEMenMaroonGreySlimFitSolidCasualShirt2.jpg",shirts,M,THE BEAR HOUSE,Slim Fit Casual Shirt,4.3,3200,748
https://www.myntra.com/shirts/highlander/highlander-men-slim-fit-shirt/29684214/buy,"https://assets.myntassets.com/dpr_2,q_60,w_210,c_limit,fl_progressive/assets/images/29684214/2024/5/21/7007b094-b2f5-4500-b40e-7cf0257a15c81716312198003HIGHLANDERMenSlimFitOpaqueCasualShirt1.jpg",shirts,M,HIGHLANDER,Slim Fit Opaque Casual Shirt,4,6300,367
https://www.myntra.com/shirts/ad+by+arvind/ad-by-arvind-tartan-check-pure-cotton-summer-shirt/28408026/buy,"https://assets.myntassets.com/dpr_2,q_60,w_210,c_limit,fl_progressive/assets/images/28408026/2024/3/21/025d096d-9d1a-42b2-95f0-185923e4e3d31711006232303ADByArvindMenSlimFitOpaqueCheckedCasualShirt1.jpg",shirts,M,AD By Arvind,Slim Fit Cotton Casual Shirt,4.3,157,1241
https://www.myntra.com/shirts/the+bear+house/the-bear-house-men-maroon--navy-blue-slim-fit-checked-flannel-casual-shirt/12853670/buy,"https://assets.myntassets.com/dpr_2,q_60,w_210,c_limit,fl_progressive/assets/images/12853670/2020/11/12/11812d72-9790-4ccf-99b2-c01f39c9aa511605161329126TBH-UBER-MR1.jpg",shirts,M,THE BEAR HOUSE,Slim Fit Checked Flannel Shirt,4.3,2800,748
https://www.myntra.com/shirts/ketch/ketch-men-blue-slim-fit-tartan-checks-checked-casual-shirt/18192822/buy,"https://assets.myntassets.com/dpr_2,q_60,w_210,c_limit,fl_progressive/assets/images/18192822/2022/5/8/99a87dbe-a131-4395-97ca-b8b8c65b3b0a1651951908327KETCHMenBlueSlimFitTartanChecksCheckedCasualShirt1.jpg",shirts,M,KETCH,Slim Fit Casual Shirt,3.8,3000,359
https://www.myntra.com/shirts/andamen/andamen-men-premium-full-sleeve-pocket-play-overshirt/27654262/buy,"https://assets.myntassets.com/dpr_2,q_60,w_210,c_limit,fl_progressive/assets/images/27654262/2024/2/17/fbf89a71-48e7-4c44-8be1-87334ac5803e1708143631156AndamenMenPremiumOpaqueCasualShirt1.jpg",shirts,M,Andamen,Premium Pocket Play Overshirt,4.1,44,Rs. 4590
https://www.myntra.com/shirts/highlander/highlander-men-white-slim-fit-printed-casual-shirt/16519904/buy,"https://assets.myntassets.com/dpr_2,q_60,w_210,c_limit,fl_progressive/assets/images/16519904/2021/12/15/7f11b1d1-3722-437f-92ed-f6903f218c8f1639549579595HIGHLANDERMenWhiteSlimFitCasualShirt1.jpg",shirts,M,HIGHLANDER,Slim Fit Casual Shirt,4.2,6500,559
https://www.myntra.com/shirts/ad+by+arvind/ad-by-arvind-regular-fit-dobby-formal-shirt/26386668/buy,"https://assets.myntassets.com/dpr_2,q_60,w_210,c_limit,fl_progressive/assets/images/26386668/2023/12/12/1c2f8c17-a185-433f-aa1e-62c2fe1985661702396799468ADByArvindMenGreenClassicShirt1.jpg",shirts,M,AD By Arvind,Classic Casual Shirt,4.4,199,1039
https://www.myntra.com/shirts/snitch/snitch-men-smart-spread-collar-solid-cotton-casual-shirt/31433382/buy,"https://assets.myntassets.com/dpr_2,q_60,w_210,c_limit,fl_progressive/assets/images/2024/OCTOBER/28/usiKrRAj_eebfe2a11ed54d179cfc41986755933c.jpg",shirts,M,Snitch,Men Solid Cotton Casual Shirt,4.4,64,Rs. 1199
https://www.myntra.com/shirts/mast+%26+harbour/mast--harbour-men-standard-opaque-checked-casual-shirt/24749794/buy,"https://assets.myntassets.com/dpr_2,q_60,w_210,c_limit,fl_progressive/assets/images/24749794/2023/9/15/c8e3a8dc-ac5b-4d5a-998b-231d4609defb1694772337169-Mast--Harbour-Men-Shirts-4141694772336729-1.jpg",shirts,M,Mast & Harbour,Opaque Casual Shirt,4.2,2500,899
https://www.myntra.com/shirts/snitch/snitch-navy-blue-bengal-stripes-striped-classic-slim-fit--cotton-casual-shirt/24108082/buy,"https://assets.myntassets.com/dpr_2,q_60,w_210,c_limit,fl_progressive/assets/images/24108082/2023/7/20/a25f0b74-245d-4346-923f-de5826339a301689797513270SnitchMenNavyBlueClassicSlimFitBengalStripesOpaqueStripedCas1.jpg",shirts,M,Snitch,Classic Slim Fit Cotton Shirt,4.3,2100,799
https://www.myntra.com/shirts/highlander/highlander-slim-fit-casual-shirt/28683996/buy,"https://assets.myntassets.com/dpr_2,q_60,w_210,c_limit,fl_progressive/assets/images/28683996/2024/4/4/b0f27704-0508-4dff-8a60-fe476763ece41712237825929HIGHLANDERMenSlimFitOpaqueCasualShirt1.jpg",shirts,M,HIGHLANDER,Slim Fit Casual Shirt,3.8,325,321
https://www.myntra.com/shirts/invictus/invictus-men-easy-care-grey--black--self-design-sustainable-formal-shirt/13828288/buy,"https://assets.myntassets.com/dpr_2,q_60,w_210,c_limit,fl_progressive/assets/images/13828288/2021/3/19/7ef08f4f-03e0-4871-8c2a-9206e505fcd21616138653279-INVICTUS-Men-Shirts-8811616138652407-1.jpg",shirts,M,INVICTUS,Easy Care Men Sustainable Formal Shirt,4,5300,659
https://www.myntra.com/shirts/powerlook/powerlook-india-slim-spread-collar-cotton-shirt/29359568/buy,"https://assets.myntassets.com/dpr_2,q_60,w_210,c_limit,fl_progressive/assets/images/29359568/2024/5/4/930d9e76-a9f7-448a-b96c-e81ce78ed4c41714821951915PowerlookMenOpaqueCasualShirt1.jpg",shirts,M,Powerlook,India Slim Cotton Shirt,4.2,112,1099
https://www.myntra.com/shirts/here%26now/herenow-tartan-checks-spread-collar-long-sleeves-slim-fit-cotton-casual-shirt/29265888/buy,"https://assets.myntassets.com/dpr_2,q_60,w_210,c_limit,fl_progressive/assets/images/29265888/2024/4/30/fe4c28bd-d5fb-467d-9d5e-26e3be3f7b671714470947075Shirts1.jpg",shirts,M,HERE&NOW,Slim Fit Cotton Casual Shirt,4.3,679,699
https://www.myntra.com/shirts/ketch/ketch-slim-fit-tartan-checks-checked-casual-shirt/15767136/buy,"https://assets.myntassets.com/dpr_2,q_60,w_210,c_limit,fl_progressive/assets/images/2024/DECEMBER/18/KYGROLjK_8c4cd541f31e4d718d35e7ce553ca33a.jpg",shirts,M,KETCH,Slim Fit Checked Casual Shirt,3.9,6700,359
https://www.myntra.com/shirts/here%26now/herenow-men-navy-blue--off-white-slim-fit-printed-casual-shirt/20421124/buy,"https://assets.myntassets.com/dpr_2,q_60,w_210,c_limit,fl_progressive/assets/images/20421124/2022/10/17/2dd1cc94-8bed-4f0f-8c95-a785a9910a3c1665981279300HERENOWMenMulticolouredSlimFitPrintedCasualShirt1.jpg",shirts,M,HERE&NOW,Printed Slim Fit Casual Shirt,4.3,8200,739
https://www.myntra.com/shirts/highlander/highlander-regular-fit-button-down-collar-full-sleeve-satin-shirt/29604968/buy,"https://assets.myntassets.com/dpr_2,q_60,w_210,c_limit,fl_progressive/assets/images/29604968/2024/5/16/0df35af9-4ea6-4cf5-8841-d2f3568ea88e1715881820513HIGHLANDERMenSlimFitOpaqueCasualShirt1.jpg",shirts,M,HIGHLANDER,Slim Fit Casual Shirt,4,6300,367
https://www.myntra.com/shirts/snitch/snitch-straight-khaki-slim-fit-spread-collar-cotton-casual-shirt/29348774/buy,"https://assets.myntassets.com/dpr_2,q_60,w_210,c_limit,fl_progressive/assets/images/29348774/2024/5/4/b94b8873-60fc-4364-a357-6a6ab55c40b81714768115204SnitchMenStraightSlimFitOpaqueCasualShirt1.jpg",shirts,M,Snitch,Slim Fit Cotton Casual Shirt,4.1,29,1127
https://www.myntra.com/shirts/highlander/highlander-regular-fit-shirt/29366794/buy,"https://assets.myntassets.com/dpr_2,q_60,w_210,c_limit,fl_progressive/assets/images/2024/NOVEMBER/29/3e3PsNa6_89df6464a0574b9680d6b6f90b822605.jpg",shirts,M,HIGHLANDER,Slim Fit Cotton Casual Shirt,4,6300,367
https://www.myntra.com/shirts/here%26now/herenow-ribbed-cuban-collar-corduroy-oversized-casual-shirt/26428062/buy,"https://assets.myntassets.com/dpr_2,q_60,w_210,c_limit,fl_progressive/assets/images/26428062/2023/12/14/279e43a8-361f-4491-9177-a91b24364b551702574025215HERENOWMenBrownCasualShirt6.jpg",shirts,M,HERE&NOW,Ribbed Corduroy Casual Shirt,4.2,9800,839
https://www.myntra.com/shirts/powerlook/powerlook-men-spread-collar-textured-casual-shirt/31179757/buy,"https://assets.myntassets.com/dpr_2,q_60,w_210,c_limit,fl_progressive/assets/images/2024/OCTOBER/1/sm4tBrkk_edeec3d63f77419f85cbea39b04ad9f4.jpg",shirts,M,Powerlook,Men Self Design Casual Shirt,4.3,17,945
https://www.myntra.com/shirts/highlander/highlander-men-white-slim-fit-solid-casual-shirt/9162675/buy,"https://assets.myntassets.com/dpr_2,q_60,w_210,c_limit,fl_progressive/assets/images/9162675/2019/12/3/79b2dbb2-f8bf-4fb4-9d74-122f7f7ad8dd1575363062409-HIGHLANDER-Men-White-Slim-Fit-Solid-Casual-Shirt-86115753630-1.jpg",shirts,M,HIGHLANDER,Men Slim Fit Casual Shirt,4.2,8800,551
https://www.myntra.com/shirts/highlander/highlander-mens-printed-slim-fit-shirt/30851488/buy,"https://assets.myntassets.com/dpr_2,q_60,w_210,c_limit,fl_progressive/assets/images/2024/SEPTEMBER/7/8AlDLTiB_b65e9e89601b46af96603cfbfdaf2fa3.jpg",shirts,M,HIGHLANDER,Men Printed Casual Shirt,4.3,290,755
https://www.myntra.com/shirts/andamen/andamen-oxford-button-down-collar-slim-fit-cotton-casual-shirt/22045500/buy,"https://assets.myntassets.com/dpr_2,q_60,w_210,c_limit,fl_progressive/assets/images/22045500/2023/2/20/5b31933e-b730-4fd3-a21f-d4b845b13bc51676860816150AndamenMenLavenderSlimFitCasualShirt1.jpg",shirts,M,Andamen,Slim Fit Cotton Casual Shirt,4.3,121,Rs. 2990
https://www.myntra.com/shirts/powerlook/powerlook-men-buffalo-checks-opaque-checked-casual-shirt/31504720/buy,"https://assets.myntassets.com/dpr_2,q_60,w_210,c_limit,fl_progressive/assets/images/2024/NOVEMBER/5/FgJa0MZ0_49af43d9a0c34532b92fa7da06d1a95d.jpg",shirts,M,Powerlook,,3.9,64,1099
https://www.myntra.com/shirts/lee/lee-slim-fit-striped-opaque-casual-shirt/22779266/buy,"https://assets.myntassets.com/dpr_2,q_60,w_210,c_limit,fl_progressive/assets/images/22779266/2024/10/7/5c9dd1d5-a051-45e7-83fc-5912de8e42941728308700841-Lee-Slim-Fit-Striped-Opaque-Casual-Shirt-5641728308700240-1.jpg",shirts,M,Lee,Slim Fit Opaque Casual Shirt,4.4,186,1199
https://www.myntra.com/shirts/here%26now/herenow-oversized-ribbed-corduroy-casual-shirt/25128910/buy,"https://assets.myntassets.com/dpr_2,q_60,w_210,c_limit,fl_progressive/assets/images/25128910/2023/9/23/0897996a-a8f7-4f21-b51c-41368c5ab99f1695445565587HERENOWMenBlueOpaqueCasualShirt6.jpg",shirts,M,HERE&NOW,Oversized Corduroy Shirt,4.2,9800,791
https://www.myntra.com/shirts/roadster/roadster-men-white-casual-shirt/10398123/buy,"https://assets.myntassets.com/dpr_2,q_60,w_210,c_limit,fl_progressive/assets/images/10398123/2019/12/3/52795871-cf37-46bd-a128-8d3479c767d81575349640658-Roadster-Men-Shirts-3221575349637459-1.jpg",shirts,M,Roadster,Men Casual Shirt,4.2,13900,571
https://www.myntra.com/shirts/banana+club/banana-club-men-classic-slim-fit-opaque-striped-casual-shirt/31267950/buy,"https://assets.myntassets.com/dpr_2,q_60,w_210,c_limit,fl_progressive/assets/images/2024/OCTOBER/9/dKABu2Te_71a059d70c75404e8ee89aca67704cde.jpg",shirts,M,Banana Club,Men Striped Casual Shirt,4,8,1499
https://www.myntra.com/shirts/roadster/roadster-men-navy-blue--grey-checked-casual-shirt/9951777/buy,"https://assets.myntassets.com/dpr_2,q_60,w_210,c_limit,fl_progressive/assets/images/9951777/2019/8/19/8e563456-3060-48ab-b4fe-3058e9bb7e771566203738559-Roadster-Men-Navy-Blue--Grey-Regular-Fit-Checked-Casual-Shir-1.jpg",shirts,M,Roadster,Men Casual Shirt,4.1,5500,679
https://www.myntra.com/shirts/the+bear+house/the-bear-house-men-navy-blue-slim-fit-checked-casual-shirt/16219442/buy,"https://assets.myntassets.com/dpr_2,q_60,w_210,c_limit,fl_progressive/assets/images/16219442/2021/12/8/ea66bad3-4741-4685-86da-dea9f32ba3501638958471398-THE-BEAR-HOUSE-Men-Navy-Blue-Slim-Fit-Checked-Casual-Shirt-7-1.jpg",shirts,M,THE BEAR HOUSE,Slim Fit Checked Casual Shirt,4.4,654,748
https://www.myntra.com/shirts/arrow/arrow-manhattan-slim-fit-checked-pure-cotton-formal-shirt/29976026/buy,"https://assets.myntassets.com/dpr_2,q_60,w_210,c_limit,fl_progressive/assets/images/29976026/2024/9/16/f53a2aa3-368b-425a-991b-4974cfd439621726475803749-Arrow-Manhattan-Slim-Fit-Checked-Pure-Cotton-Formal-Shirt-12-1.jpg",shirts,M,Arrow,Pure Cotton Formal Shirt,3.8,18,1574
https://www.myntra.com/shirts/h%26m/hm-women-white-formal-shirt/13908196/buy,"https://assets.myntassets.com/dpr_2,q_60,w_210,c_limit,fl_progressive/assets/images/productimage/2021/3/18/f1fb3acf-d9cd-4e73-9204-586751ccdf621616087438829-1.jpg",shirts,F,H&M,Women Formal Shirt,4.3,3500,Rs. 999
https://www.myntra.com/shirts/pinacolada/pinacolada-spread-collar-long-sleeves-striped-cotton-oversized-casual-shirt/29754132/buy,"https://assets.myntassets.com/dpr_2,q_60,w_210,c_limit,fl_progressive/assets/images/29754132/2024/5/25/3e528943-2aaa-42d0-84b6-e577d7a1055d1716621904843PINACOLADAWomenOpaqueCasualShirt1.jpg",shirts,F,PINACOLADA,Oversized Casual Shirt,4.1,3000,644
https://www.myntra.com/shirts/the+souled+store/the-souled-store-women-lavender-relaxed-cotton-linen-casual-shirt/23132032/buy,"https://assets.myntassets.com/dpr_2,q_60,w_210,c_limit,fl_progressive/assets/images/23132032/2023/9/5/add0dfe5-e5e4-4551-80ba-dcf8fa9ada0a1693895554070-The-Souled-Store-Women-Lavender-Relaxed-Cotton-Linen-Casual--1.jpg",shirts,F,The Souled Store,Cotton Linen Casual Shirt,4.2,1500,1500
https://www.myntra.com/shirts/roadster/the-roadster-lifestyle-co-women-cuban-collar-vertical-striped-cotton-boxy-casual-shirt/31012271/buy,"https://assets.myntassets.com/dpr_2,q_60,w_210,c_limit,fl_progressive/assets/images/2024/SEPTEMBER/17/4j0E1s3p_55f7c70b17db41bd9884527778e6cd33.jpg",shirts,F,Roadster,Women Striped Casual Shirt,4.3,547,699
https://www.myntra.com/shirts/pinacolada/pinacolada-women-relaxed-spread-collar-solid-striped-cotton-boxy-casual-shirt/30303875/buy,"https://assets.myntassets.com/dpr_2,q_60,w_210,c_limit,fl_progressive/assets/images/30303875/2024/7/22/8155b56f-f73f-4531-b32c-6f6b6953cc2f1721669997041PINACOLADAWomenRelaxedBoxyOpaquePrintedCasualShirt1.jpg",shirts,F,PINACOLADA,Women Boxy Striped Shirt,4.1,3000,644
https://www.myntra.com/shirts/the+souled+store/the-souled-store-blue-typography-printed-oversized-casual-shirt/28383476/buy,"https://assets.myntassets.com/dpr_2,q_60,w_210,c_limit,fl_progressive/assets/images/28383476/2024/3/20/45afc533-973d-4141-8d2d-e31588c87df31710904730254TheSouledStoreWomenOpaquePrintedCasualShirt1.jpg",shirts,F,The Souled Store,Printed Oversized Casual Shirt,4.3,65,1399
https://www.myntra.com/shirts/dl+woman/dl-woman-oversized-crepe-casual-shirt/26171698/buy,"https://assets.myntassets.com/dpr_2,q_60,w_210,c_limit,fl_progressive/assets/images/26171698/2024/12/14/fbac298b-6735-4e6c-a89c-0834fc352ca31734151914877-DL-Woman-Oversized-Crepe-Casual-Shirt-9911734151914449-1.jpg",shirts,F,DL Woman,Oversized Casual Shirt,4.2,3400,999
https://www.myntra.com/shirts/high+star/high-star-long-sleeves-solid-oversized-casual-shirt/24393406/buy,"https://assets.myntassets.com/dpr_2,q_60,w_210,c_limit,fl_progressive/assets/images/24393406/2023/8/8/123f2cb6-69c8-4a21-95e6-7391d678eed11691438766846HighStarWomenWhiteClassicOpaqueCasualShirt1.jpg",shirts,F,High Star,Pure Cotton Casual Shirt,4.3,7900,873
https://www.myntra.com/shirts/the+souled+store/the-souled-store-yellow-relaxed-colourblocked-spread-collar-regular-fit-cotton-shirt/24124722/buy,"https://assets.myntassets.com/dpr_2,q_60,w_210,c_limit,fl_progressive/assets/images/24124722/2023/7/22/81a93be6-d87b-446b-bd73-4071673809561690003528668TheSouledStoreWomenMulticolouredRelaxedOpaqueCasualShirt1.jpg",shirts,F,The Souled Store,Colourblocked Cotton Shirt,4.5,73,1499
https://www.myntra.com/shirts/dl+woman/dl-woman-oversized-crepe-casual-shirt/26171658/buy,"https://assets.myntassets.com/dpr_2,q_60,w_210,c_limit,fl_progressive/assets/images/26171658/2024/1/5/8d6f0dc9-8d98-448e-a9f7-2b7fa98fd2cb1704448975229-DL-Woman-Oversized-Spread-Collar-Cotton-Casual-Shirt-3641704-1.jpg",shirts,F,DL Woman,Oversized Casual Shirt,4.2,3400,999
https://www.myntra.com/shirts/the+souled+store/the-souled-store-colourblocked-oversized-opaque-casual-shirt/26761902/buy,"https://assets.myntassets.com/dpr_2,q_60,w_210,c_limit,fl_progressive/assets/images/26761902/2024/1/3/a3e43659-fc0f-469e-bb28-115a8f4da25d1704277315962TheSouledStoreWomenPinkOpaqueColourblockedCasualShirt1.jpg",shirts,F,The Souled Store,Opaque Oversized Casual Shirt,4.1,37,1714
https://www.myntra.com/shirts/strong+and+brave/strong-and-brave-women-odour-free-formal-shirt/20226154/buy,"https://assets.myntassets.com/dpr_2,q_60,w_210,c_limit,fl_progressive/assets/images/20226154/2022/9/30/5918ee83-69c9-4e15-b525-81ea480e6dfe1664486566286Shirts1.jpg",shirts,F,Strong And Brave,Women Odour Free Formal Shirt,4.3,463,999
https://www.myntra.com/shirts/high+star/high-star-oversized-fit-spread-collar-cotton-embroidered-casual-shirt/29795242/buy,"https://assets.myntassets.com/dpr_2,q_60,w_210,c_limit,fl_progressive/assets/images/29795242/2024/5/27/b69b2190-fbbf-423c-84b4-10f42275d7191716810889472HighStarWomenClassicOpaqueCasualShirt1.jpg",shirts,F,High Star,Embroidered Casual Shirt,4.2,40,1291
https://www.myntra.com/shirts/urban+sundari/urban-sundari-spread-collar-classic-opaque-shimmer-shirt/26317602/buy,"https://assets.myntassets.com/dpr_2,q_60,w_210,c_limit,fl_progressive/assets/images/26317602/2023/12/8/40bdceca-7e9b-4690-b709-24bf1af822fe1702025290774UrbanSundariWomenBlackClassicOpaqueCasualShirt1.jpg",shirts,F,Urban Sundari,Classic Shimmer Satin Shirt,4.3,112,1260
https://www.myntra.com/shirts/only/only-women-multi-stripes-opaque-striped-casual-shirt/27817182/buy,"https://assets.myntassets.com/dpr_2,q_60,w_210,c_limit,fl_progressive/assets/images/27817182/2024/2/23/03248c74-68ed-44a9-9f61-d422a9f36b9e1708706098862ONLYWomenMultiStripesOpaqueStripedCasualShirt6.jpg",shirts,F,ONLY,Opaque Casual Shirt,4.1,15,1259
https://www.myntra.com/shirts/only/only-onlcabbage-ls-striped-spread-collar-pure-cotton-casual-shirt/29208696/buy,"https://assets.myntassets.com/dpr_2,q_60,w_210,c_limit,fl_progressive/assets/images/29208696/2024/4/26/94db531c-ecb5-462f-bd3b-88576109e2381714119060484ONLYWomenOpaqueStripedCasualShirt1.jpg",shirts,F,ONLY,ONLCABBAGE LS Cotton Shirt,4.1,24,1259
https://www.myntra.com/shirts/the+souled+store/the-souled-store-sea-green-oversized-opaque-tartan-checked-pure-cotton-casual-shackets/25823898/buy,"https://assets.myntassets.com/dpr_2,q_60,w_210,c_limit,fl_progressive/assets/images/25823898/2023/11/9/bcbae6ba-43c5-4a4f-b7af-b207dbdecffc1699514124317TheSouledStoreWomenMulticolouredTartanChecksOpaqueCheckedCas1.jpg",shirts,F,The Souled Store,Pure Cotton Casual Shackets,4.4,192,1799
https://www.myntra.com/shirts/only/only-onlthyra-textured-spread-collar-pure-cotton-casual-oversized-shirt/28690220/buy,"https://assets.myntassets.com/dpr_2,q_60,w_210,c_limit,fl_progressive/assets/images/28690220/2024/4/4/b8a590da-4d72-4400-be2c-07537cbdc7841712243479192ONLYWomenOpaqueCasualShirt1.jpg",shirts,F,ONLY,ONLTHYRA Oversized Shirt,4,55,1119
https://www.myntra.com/shirts/style+quotient/style-quotient-women-white-formal-shirt/19761198/buy,"https://assets.myntassets.com/dpr_2,q_60,w_210,c_limit,fl_progressive/assets/images/19761198/2022/9/2/e05a447d-e6c7-4a5a-91ce-7b7972646f491662107951495StyleQuotientWomenWhiteClassicFormalShirt1.jpg",shirts,F,Style Quotient,Women Formal Shirt,4.2,10900,584
https://www.myntra.com/shirts/the+souled+store/the-souled-store-spread-collar-casual-shirt/21802410/buy,"https://assets.myntassets.com/dpr_2,q_60,w_210,c_limit,fl_progressive/assets/images/21802410/2024/5/2/04d3c012-119e-4c59-a447-f34bf8e0f8431714629594858-The-Souled-Store-Spread-Collar-Casual-Shirt-8951714629594791-6.jpg",shirts,F,The Souled Store,Spread Collar Casual Shirt,4.2,1500,1512
https://www.myntra.com/shirts/sassafras/sassafras-women-black-comfort-fit-satin-longline-party-shirt/19780100/buy,"https://assets.myntassets.com/dpr_2,q_60,w_210,c_limit,fl_progressive/assets/images/19780100/2022/9/10/c5e3b0fa-816d-492f-9880-55b10efc89511662791380282-SASSAFRAS-Women-Shirts-111662791379764-4.jpg",shirts,F,SASSAFRAS,Comfort Fit Party Shirt,4.1,2000,751
https://www.myntra.com/jeans/urbano+fashion/urbano-fashion-men-blue-slim-fit-mid-rise-clean-look-stretchable-jeans/13823726/buy,"https://assets.myntassets.com/dpr_2,q_60,w_210,c_limit,fl_progressive/assets/images/13823726/2024/9/21/f28c091c-173b-4681-9034-81570cb9ef551726939672934-Urbano-Fashion-Men-Blue-Slim-Fit-Mid-Rise-Clean-Look-Stretch-1.jpg",jeans,M,Urbano Fashion,Men Slim Fit Jeans,3.9,21100,881
https://www.myntra.com/jeans/urbano+fashion/urbano-fashion-men-mid-rise-light-fade-stretchable-bootcut-jeans/22392004/buy,"https://assets.myntassets.com/dpr_2,q_60,w_210,c_limit,fl_progressive/assets/images/22392004/2024/4/4/37c1be33-441e-4d5e-b178-a5fd9fc2e7851712225975719UrbanoFashionMenMidRiseLightFadeStretchableBootcutJeans1.jpg",jeans,M,Urbano Fashion,Men Mid Rise Bootcut Jeans,4.1,2300,799
https://www.myntra.com/jeans/levis/levis-men-511-slim-fit-light-fade-stretchable-jeans/31394942/buy,"https://assets.myntassets.com/dpr_2,q_60,w_210,c_limit,fl_progressive/assets/images/31394942/2024/11/18/f72fa0f2-3167-4b49-81ca-be221250566f1731909806805-Levis-Men-Jeans-4071731909806169-1.jpg",jeans,M,Levis,Men 511 Slim Fit Jeans,4.5,29,2303
https://www.myntra.com/jeans/highlander/highlander-men-black-tapered-fit-mid-rise-clean-look-stretchable-jeans/9162839/buy,"https://assets.myntassets.com/dpr_2,q_60,w_210,c_limit,fl_progressive/assets/images/9162839/2022/7/13/e22894f7-03cc-4ea8-8916-607d4146096d1657686472746HIGHLANDERMenBlackTaperedFitMid-RiseCleanLookStretchableJean1.jpg",jeans,M,HIGHLANDER,Men Tapered Fit Jeans,3.9,136100,571
https://www.myntra.com/jeans/flying+machine/flying-machine-men-straight-fit-low-distress-heavy-fade-stretchable-jeans/30525498/buy,"https://assets.myntassets.com/dpr_2,q_60,w_210,c_limit,fl_progressive/assets/images/2024/AUGUST/8/R5JlZADW_eb8a461b5b87416fabebb90ca9dab50d.jpg",jeans,M,Flying Machine,Men Straight Fit Jeans,3,5,1799
https://www.myntra.com/jeans/style+quotient/style-quotient-men-relaxed-fit-mid-rise-clean-look-cotton-cargo-jeans/28203884/buy,"https://assets.myntassets.com/dpr_2,q_60,w_210,c_limit,fl_progressive/assets/images/28203884/2024/3/12/534dcd71-6ab7-4a24-99fe-1d678a9cfaa11710233512639StyleQuotientMenStraightFitLowDistressJeans1.jpg",jeans,M,Style Quotient,Men Cotton Cargo Jeans,4.2,2000,1289
https://www.myntra.com/jeans/urbano+fashion/urbano-fashion-men-loose-fit-washed-non-stretchable-jeans-/27661968/buy,"https://assets.myntassets.com/dpr_2,q_60,w_210,c_limit,fl_progressive/assets/images/27661968/2024/9/6/cccf07e0-4e26-4f33-a318-349dd5bc4ad61725606982693-Urbano-Fashion-Men-Loose-Fit-Washed-Non-Stretchable-Jeans-29-6.jpg",jeans,M,Urbano Fashion,Men Relaxed Fit Jeans,3.8,5400,839
https://www.myntra.com/jeans/snitch/snitch-men-blue-baggy-fit-jeans/23356470/buy,"https://assets.myntassets.com/dpr_2,q_60,w_210,c_limit,fl_progressive/assets/images/23356470/2023/5/24/8a569dd1-d83c-4965-95dc-023b382eb1f21684904119473SnitchMenBlueWideLegHighlyDistressedStretchableJeans1.jpg",jeans,M,Snitch,Men Baggy Fit Jeans,4.3,468,1699
https://www.myntra.com/jeans/highlander/highlander-men-solid-straight-fit-stretchable-jeans/30754576/buy,"https://assets.myntassets.com/dpr_2,q_60,w_210,c_limit,fl_progressive/assets/images/30754576/2024/9/11/16894d99-1261-4372-95d5-b6d41ca5f45a1726071785581-HIGHLANDER-Men-Solid-Straight-Fit-Stretchable-Jeans-74217260-1.jpg",jeans,M,HIGHLANDER,Men Solid Straight Fit Jeans,3.9,998,526
https://www.myntra.com/jeans/highlander/highlander-men-blue-tapered-fit-mid-rise-clean-look-stretchable-jeans/8706059/buy,"https://assets.myntassets.com/dpr_2,q_60,w_210,c_limit,fl_progressive/assets/images/8706059/2022/8/25/600ba77d-27a6-4d99-8f31-b349edb6aec81661422693616-HIGHLANDER-Men-Blue-Tapered-Fit-Mid-Rise-Clean-Look-Stretcha-1.jpg",jeans,M,HIGHLANDER,Men Tapered Fit Jeans,3.9,136000,987
https://www.myntra.com/jeans/bushirt/bushirt-men-slim-fit-clean-look-heavy-fade-whiskers-stretchable-jeans/26785466/buy,"https://assets.myntassets.com/dpr_2,q_60,w_210,c_limit,fl_progressive/assets/images/26785466/2024/1/5/6d02fdd1-9fa2-4fe3-8ecf-d384f294c4d01704429959263BushirtMenBlueSlimFitMildlyDistressedStretchableJeans1.jpg",jeans,M,Bushirt,Men Slim Fit Stretchable Jeans,3.5,57,1461
https://www.myntra.com/jeans/kotty/kotty-women-blue-cotton-straight-fit-high-rise-stretchable-jeans/31271030/buy,"https://assets.myntassets.com/dpr_2,q_60,w_210,c_limit,fl_progressive/assets/images/2024/OCTOBER/10/EYK2sWC3_3ff51897d165428486ed8f2a936aa44f.jpg",jeans,F,Kotty,Women Fit High-Rise Jeans,3.9,25,809
https://www.myntra.com/jeans/pepe+jeans/pepe-jeans-women-wide-leg-high-rise-heavy-fade-pure-cotton-jeans/25353954/buy,"https://assets.myntassets.com/dpr_2,q_60,w_210,c_limit,fl_progressive/assets/images/25353954/2023/10/5/9594bd8d-1ec3-4bbe-b4fd-320de005b9891696478948090PepeJeansWomenBlueWideLegHigh-RiseHeavyFadeJeans4.jpg",jeans,F,Pepe Jeans,Women Wide Leg High-Rise Jeans,3.3,57,1574
https://www.myntra.com/jeans/kotty/kotty-women-pack-of-2-straight-fit-high-rise-stretchable-jeans/22216396/buy,"https://assets.myntassets.com/dpr_2,q_60,w_210,c_limit,fl_progressive/assets/images/22216396/2023/3/4/f2d79dd1-7aab-4e62-9392-c1416e4f7bb11677908822636KottyWomenMulticolouredJeanStraightFitHigh-RiseStretchableJe1.jpg",jeans,F,Kotty,Women Pack Of 2 Jeans,3.8,10900,899
https://www.myntra.com/jeans/basics+by+tokyo+talkies/basics-by-tokyo-talkies-women-flared-clean-look-stretchable-jeans/25067776/buy,"https://assets.myntassets.com/dpr_2,q_60,w_210,c_limit,fl_progressive/assets/images/25067776/2023/9/20/b1998b02-3d3a-4810-91c4-69fb3b501ae31695201275118TokyoTalkiesWomenBlackFlaredLowDistressStretchableJeans1.jpg",jeans,F,Basics By Tokyo Talkies,Women Flared Clean Look Jeans,4.1,7500,359
https://www.myntra.com/jeans/flying+machine/flying-machine-women-black-wide-leg-high-rise-mildly-distressed-light-fade-stretchable-jeans/17988968/buy,"https://assets.myntassets.com/dpr_2,q_60,w_210,c_limit,fl_progressive/assets/images/17988968/2022/7/22/08b10b77-5015-4b7e-8d1d-a4aa0c3d0e201658485086960-Flying-Machine-Women-Black-Wide-Leg-High-Rise-Mildly-Distres-1.jpg",jeans,F,Flying Machine,Women Wide Leg High-Rise Jeans,4.2,876,1224
https://www.myntra.com/jeans/ivoc/ivoc-women-grey-mid-rise-cotton-cargos-trousers/26882686/buy,"https://assets.myntassets.com/dpr_2,q_60,w_210,c_limit,fl_progressive/assets/images/26882686/2024/1/11/e276c409-7cf9-455f-aaae-81048aad7d041704991700603IVOCWomenGreyCargosTrousers1.jpg",jeans,F,IVOC,Women Cotton Cargos Trousers,4.3,2800,1311
https://www.myntra.com/jeans/h%26m/hm-women-pure-cotton-straight-regular-jeans/31132634/buy,"https://assets.myntassets.com/dpr_2,q_60,w_210,c_limit,fl_progressive/assets/images/2024/SEPTEMBER/26/nAqR7mhf_d63f5a01dc194826bdcb1e25d75d333b.jpg",jeans,F,H&M,Cotton Straight Regular Jeans,3.9,187,Rs. 2299
https://www.myntra.com/jeans/kotty/kotty-women-bootcut-high-rise-clean-look-stretchable-jeans/29828744/buy,"https://assets.myntassets.com/dpr_2,q_60,w_210,c_limit,fl_progressive/assets/images/29828744/2024/5/28/24ee3430-b4ef-448e-ba4d-1f2a0612c4ba1716880188009KottyWomenBootcutHigh-RiseLowDistressStretchableJeans1.jpg",jeans,F,Kotty,Women Bootcut High-Rise Jeans,3.5,5300,649
https://www.myntra.com/jeans/sassafras/sassafras-women-wide-leg-stretchable-jeans/22408152/buy,"https://assets.myntassets.com/dpr_2,q_60,w_210,c_limit,fl_progressive/assets/images/22408152/2023/3/24/5d328149-7f47-4b79-b499-5c9bd5de316a1679650604697SASSAFRASWomenBlackStraightFitLowDistressStretchableJeans1.jpg",jeans,F,SASSAFRAS,Women Wide Leg Jeans,4.2,6700,1077
https://www.myntra.com/jeans/roadster/the-roadster-life-co-women-wide-leg-light-fade-stretchable-jeans/24989208/buy,"https://assets.myntassets.com/dpr_2,q_60,w_210,c_limit,fl_progressive/assets/images/24989208/2024/3/4/f16f6eb4-7109-48b2-aca2-bbad791743541709549167976-Roadster-Women-Jeans-8911709549167485-1.jpg",jeans,F,Roadster,Women Wide Leg Jeans,3.9,214,879
https://www.myntra.com/jeans/vestido+modas/vestido-modas-women-skinny-fit-high-rise-light-fade-stretchable-jeans/23848990/buy,"https://assets.myntassets.com/dpr_2,q_60,w_210,c_limit,fl_progressive/assets/images/23848990/2023/7/3/8aad15d5-0784-4ff7-9473-170ae51b6f301688360821333VESTIDOMODASWomenBlueSkinnyFitHigh-RiseLightFadeStretchableJ1.jpg",jeans,F,VESTIDO MODAS,Women High-Rise Jeans,4,40,799
https://www.myntra.com/tshirts/friskers/friskers-men-navy-blue--grey-typography-printed-t-shirt/16046802/buy,"https://assets.myntassets.com/dpr_2,q_60,w_210,c_limit,fl_progressive/assets/images/16046802/2021/11/10/25417ef8-176d-4326-9d03-fa2a441417bb1636526810726FriskersMenNavyBlueTypographyPocketsT-shirt1.jpg",tshirts,M,Friskers,Men Typography Printed T-shirt,4,46,899
https://www.myntra.com/tshirts/the+indian+garage+co/the-indian-garage-co-men-polo-collar-t-shirt/23053374/buy,"https://assets.myntassets.com/dpr_2,q_60,w_210,c_limit,fl_progressive/assets/images/23053374/2023/8/14/80458475-e9d2-4d84-a95a-9fd9ac3435461691991552388-The-Indian-Garage-Co-Cotton-Polyester-Regular-Fit-Placement--1.jpg",tshirts,M,The Indian Garage Co,Men Polo Collar T-shirt,4.2,6800,557
https://www.myntra.com/lounge-tshirts/lux+cozi/lux-cozi-polo-collar-lounge-tshirts/28138200/buy,"https://assets.myntassets.com/dpr_2,q_60,w_210,c_limit,fl_progressive/assets/images/28138200/2024/8/14/02d73961-eb5d-4fba-94b6-918f434108931723609077112-Lux-Cozi-Polo-Collar-Lounge-Tshirts-4261723609076603-2.jpg",tshirts,M,Lux Cozi,Polo Collar Lounge Tshirts,4.2,4500,361
https://www.myntra.com/tshirts/the+bear+house/the-bear-house-men-white-overdyed-pure-cotton-polo-collar-slim-fit-t-shirt/16288300/buy,"https://assets.myntassets.com/dpr_2,q_60,w_210,c_limit,fl_progressive/assets/images/16288300/2021/12/16/412fcade-40ad-4f18-b8a2-3c8fd928834e1639658661282-THE-BEAR-HOUSE-Men-White-OverDyed-Pure-Cotton-Polo-Collar-Sl-1.jpg",tshirts,M,THE BEAR HOUSE,Men Pure Cotton T-shirt,4.4,618,1677
https://www.myntra.com/tshirts/united+colors+of+benetton/united-colors-of-benetton-printed-round-neck-short-sleeves-regular-fit-t-shirt/27441344/buy,"https://assets.myntassets.com/dpr_2,q_60,w_210,c_limit,fl_progressive/assets/images/27441344/2024/4/17/42b25ac4-fa42-4068-81eb-9f9e07e87e7b1713356711183-United-Colors-of-Benetton-Men-Printed-T-shirt-62617133567106-1.jpg",tshirts,M,United Colors of Benetton,Printed Regular Fit T-shirt,4.3,61,499
https://www.myntra.com/lounge-tshirts/u.s.+polo+assn./us-polo-assn-round-neck-long-sleeves-pure-cotton-i693-lounge-t-shirt-/25781706/buy,"https://assets.myntassets.com/dpr_2,q_60,w_210,c_limit,fl_progressive/assets/images/25781706/2023/11/6/82c74334-31ef-46b1-9300-921d9409e7621699273913760USPoloAssnMenYellowStripedAppliqueT-shirt6.jpg",tshirts,M,U.S. Polo Assn.,Long Sleeves Cotton T-shirt,4.3,351,854
https://www.myntra.com/tshirts/raymond/raymond-polo-collar-t-shirt/26760098/buy,"https://assets.myntassets.com/dpr_2,q_60,w_210,c_limit,fl_progressive/assets/images/26760098/2024/8/13/0ef5ee52-53b2-4cb4-9509-ccf32d6d9a031723527424098-Raymond-Men-Tshirts-2041723527423610-1.jpg",tshirts,M,Raymond,Polo Collar T-shirt,4.4,1100,934
https://www.myntra.com/lounge-tshirts/van+heusen/van-heusen-women-anti-bacterial-round-neck-34th-sleeve-thermal-vest/21603924/buy,"https://assets.myntassets.com/dpr_2,q_60,w_210,c_limit,fl_progressive/assets/images/21603924/2023/2/9/bd9b335c-0c28-41d8-8851-025f02117cc31675920536880-Antibacterial-Thermal-Threefourth-Sleeved-Vest-5816759205363-1.jpg",tshirts,F,Van Heusen,Antibacterial Thermal T-Shirt,4.4,91,613
https://www.myntra.com/tshirts/fablestreet/fablestreet-solid-round-neck-t-shirt/23669418/buy,"https://assets.myntassets.com/dpr_2,q_60,w_210,c_limit,fl_progressive/assets/images/23669418/2024/8/10/f1ab48ec-a1ba-4557-90da-e38a9aa07fe11723280047374-FableStreet-Solid-Round-Neck-T-shirt-9201723280047290-6.jpg",tshirts,F,FableStreet,Solid Round Neck T-shirt,4.3,237,1356
https://www.myntra.com/lounge-tshirts/jockey/jockey-micro-modal-cotton-relaxed-fit-tshirt-with-curved-hem-styling-rx21/11862830/buy,"https://assets.myntassets.com/dpr_2,q_60,w_210,c_limit,fl_progressive/assets/images/11862830/2024/1/29/0602b630-dc26-4bf1-8675-610ea7de52061706528451703JockeyWomenBlackSolidLoungeT-shirt1.jpg",tshirts,F,Jockey,Relaxed Fit T-shirt,4.3,170,Rs. 779
https://www.myntra.com/tshirts/cult/cult-the-essential-active-round-neck-short-sleevest-shirt/27736074/buy,"https://assets.myntassets.com/dpr_2,q_60,w_210,c_limit,fl_progressive/assets/images/27736074/2024/2/21/ab95a5c6-ee4f-42f7-87ce-bce1db0c30b81708492664832TheEssentialActiveT-shirt1.jpg",tshirts,F,CULT,The Essential Active T-shirt,4.5,214,494
https://www.myntra.com/lounge-tshirts/dreamz+by+pantaloons/dreamz-by-pantaloons-printed-pure-cotton-lounge-t-shirt/30135997/buy,"https://assets.myntassets.com/dpr_2,q_60,w_210,c_limit,fl_progressive/assets/images/30135997/2024/7/5/f6186589-c551-49fa-b217-05ff285919cf1720188371398LoungeTshirts1.jpg",tshirts,F,Dreamz by Pantaloons,Printed Lounge T-shirt,4.6,18,489
https://www.myntra.com/tshirts/marks+%26+spencer/marks--spencer-round-neck-pure-cotton-t-shirt/24790638/buy,"https://assets.myntassets.com/dpr_2,q_60,w_210,c_limit,fl_progressive/assets/images/24790638/2023/10/10/efc0e0d3-d74f-4ea9-bcc3-deccb265a4cc1696879010973MarksSpencerWomenNavyBlueHoodedPocketsT-shirt1.jpg",tshirts,F,Marks & Spencer,Round Neck Pure Cotton T-shirt,3.7,39,499
https://www.myntra.com/tshirts/friskers/friskers-women-typography-printed-round-neck-cotton-oversized-t-shirt/30905108/buy,"https://assets.myntassets.com/dpr_2,q_60,w_210,c_limit,fl_progressive/assets/images/2024/SEPTEMBER/9/2J8qfdLd_184c5da8038e4b3197d7395a1d8225a7.jpg",tshirts,F,Friskers,Women Oversized T-shirt,4.7,9,629
https://www.myntra.com/tshirts/h%26m/-hm-fitted-t-shirt/30064786/buy,"https://assets.myntassets.com/dpr_2,q_60,w_210,c_limit,fl_progressive/assets/images/30064786/2024/6/28/934b70e5-23e4-4d07-bbfc-79f885121c621719571791973HMFittedT-Shirt1.jpg",tshirts,F,H&M,Fitted T-Shirt,3.9,3000,Rs. 399
https://www.myntra.com/tshirts/friskers/friskers-women-graphic-printed-round-neck-cotton-oversized-t-shirt/30905106/buy,"https://assets.myntassets.com/dpr_2,q_60,w_210,c_limit,fl_progressive/assets/images/2024/SEPTEMBER/9/vSjcUBZK_81d9c02396e7472393a501c65243cf96.jpg",tshirts,F,Friskers,Women Oversized T-shirt,4.7,9,629
https://www.myntra.com/sweaters/u.s.+polo+assn./us-polo-assn-embroidered-brand-logo-long-sleeves-pullover/25732804/buy,"https://assets.myntassets.com/dpr_2,q_60,w_210,c_limit,fl_progressive/assets/images/25732804/2023/11/2/d6c344f4-78b9-459a-8065-c242066e38971698935674773LongSleeveCrewNeckSweater1.jpg",sweaters,M,U.S. Polo Assn.,Brand Logo Pullover,4.3,13,2079
https://www.myntra.com/sweaters/campus+sutra/campus-sutra-men-colourblocked-long-sleeves-pullover/31236807/buy,"https://assets.myntassets.com/dpr_2,q_60,w_210,c_limit,fl_progressive/assets/images/2024/OCTOBER/7/8xSUIVp6_992f07924a90428e80ee3d004948f745.jpg",sweaters,M,Campus Sutra,Men Colourblocked Pullover,3.1,8,2079
https://www.myntra.com/sweaters/roadster/the-roadster-lifestyle-co-men-blue--cream-coloured-cable-knit-pullover/18336776/buy,"https://assets.myntassets.com/dpr_2,q_60,w_210,c_limit,fl_progressive/assets/images/18336776/2022/11/17/840c2525-c95b-4618-a850-76e7c18186b91668669668863-Roadster-Men-Sweaters-8151668669668173-1.jpg",sweaters,M,Roadster,Men Cable Knit Pullover,4.4,3600,835
https://www.myntra.com/sweaters/u.s.+polo+assn./us-polo-assn-long-sleeves-round-neck-pullover/25732742/buy,"https://assets.myntassets.com/dpr_2,q_60,w_210,c_limit,fl_progressive/assets/images/25732742/2023/11/2/ddf12110-55b6-4fde-925f-f0194aef42dd1698937854982CrewNeckSolidSweater1.jpg",sweaters,M,U.S. Polo Assn.,Long Sleeves Pullover,3.8,31,1499
https://www.myntra.com/sweaters/roadster/the-roadster-lifestyle-co-men-off-white-checked-knitted-patterned-pullover/15654416/buy,"https://assets.myntassets.com/dpr_2,q_60,w_210,c_limit,fl_progressive/assets/images/15654416/2021/10/6/2baa3df0-7590-4fcc-b291-9d84a775caa61633502646677-Computerised-Jacquard-Sweater-381633502646109-1.jpg",sweaters,M,Roadster,Men Checked Knitted Pullover,4.2,9900,759
https://www.myntra.com/sweaters/u.s.+polo+assn./us-polo-assn-round-neck-cotton-pullover/25732788/buy,"https://assets.myntassets.com/dpr_2,q_60,w_210,c_limit,fl_progressive/assets/images/25732788/2023/11/2/00f7e19f-af4b-4716-ac1a-b0988dd8e06f1698935438564CrewNeckSolidSweater1.jpg",sweaters,M,U.S. Polo Assn.,Round Neck Cotton Pullover,4.8,21,1299
https://www.myntra.com/sweaters/roadster/the-roadster-lifestyle-co-men-off-white-pullover/15654426/buy,"https://assets.myntassets.com/dpr_2,q_60,w_210,c_limit,fl_progressive/assets/images/15654426/2021/10/6/7e0abdfc-0430-46d5-af8b-e34e79ffcbd41633502377365-Computerised-Jacquard-Sweater-6701633502376814-1.jpg",sweaters,M,Roadster,Men Pullover,4.1,4100,759
https://www.myntra.com/sweaters/mr+bowerbird/mr-bowerbird-men-pullover-sweaters/31321141/buy,"https://assets.myntassets.com/dpr_2,q_60,w_210,c_limit,fl_progressive/assets/images/2024/OCTOBER/16/QoN4Zgeo_4c73dce66a8144e188952fc0feb95eca.jpg",sweaters,M,Mr Bowerbird,Men Pullover Sweaters,4.5,31,1469
https://www.myntra.com/sweaters/u.s.+polo+assn./us-polo-assn-horizontal-striped-long-sleeves-pullover/25732794/buy,"https://assets.myntassets.com/dpr_2,q_60,w_210,c_limit,fl_progressive/assets/images/25732794/2023/11/2/bd5ed9d2-4c89-4b9c-b93f-c9cc819fc2141698935482339CrewNeckHorizontalStripeSweater1.jpg",sweaters,M,U.S. Polo Assn.,Striped Long Sleeves Pullover,3.3,20,1649
https://www.myntra.com/sweaters/and/and-abstract-printed-high-neck-pullover/27550618/buy,"https://assets.myntassets.com/dpr_2,q_60,w_210,c_limit,fl_progressive/assets/images/27550618/2024/2/13/befc8c53-f254-464d-ab2a-5e9840170b021707818851726ANDPrintTop1.jpg",sweaters,F,AND,Printed High Neck Pullover,4.7,22,3609
https://www.myntra.com/sweaters/roadster/roadster-women-magenta-cable-knit-acrylic-pullover/19798116/buy,"https://assets.myntassets.com/dpr_2,q_60,w_210,c_limit,fl_progressive/assets/images/19798116/2022/9/9/bf5314fa-1208-4c4c-9945-9af4452ddc431662728283802-Computerised-Cable-Knit-Pattern-Sweater-291662728283275-1.jpg",sweaters,F,Roadster,Women Cable Knit Pullover,4.3,5500,721
https://www.myntra.com/sweaters/mast+%26+harbour/mast--harbour-women-blue-colourblocked-pullover-sweater/12144158/buy,"https://assets.myntassets.com/dpr_2,q_60,w_210,c_limit,fl_progressive/assets/images/12144158/2020/11/27/afac20ac-9147-4bf6-9196-a7696dc466a01606470065318-Mast--Harbour-Women-Sweaters-9861606470063976-1.jpg",sweaters,F,Mast & Harbour,Colourblocked Pullover Sweater,4.5,3900,759
https://www.myntra.com/sweaters/dressberry/dressberry-women-blue-ribbed-pullover-/12098684/buy,"https://assets.myntassets.com/dpr_2,q_60,w_210,c_limit,fl_progressive/assets/images/12098684/2020/12/16/c8e34e4c-66ab-4758-b95f-dc34a96764411608105868021-DressBerry-Women-Sweaters-2791608105866678-1.jpg",sweaters,F,DressBerry,Ribbed Pullover,4.2,13200,643
https://www.myntra.com/sweaters/roadster/roadster-women-black-self-design-cardigan/6397681/buy,"https://assets.myntassets.com/dpr_2,q_60,w_210,c_limit,fl_progressive/assets/images/6397681/2018/11/19/06e9d115-fd5c-46c0-94af-18afcca858aa1542616506869-Roadster-Women-Sweaters-6811542616506650-1.jpg",sweaters,F,Roadster,Women Self Design Cardigan,4.1,6300,584
https://www.myntra.com/sweaters/roadster+fast+and+furious/roadster-fast-and-furious-women-mauve-self-design-pullover/6397464/buy,"https://assets.myntassets.com/dpr_2,q_60,w_210,c_limit,fl_progressive/assets/images/6397464/2018/11/19/b43c0dea-b2b6-4cf4-aa7a-1e92c829002f1542616490528-Roadster-Women-Sweaters-711542616490379-1.jpg",sweaters,F,Roadster Fast and Furious,Women Self Design Pullover,4.1,3800,713
https://www.myntra.com/jackets/u.s.+polo+assn./us-polo-assn-mock-collar-tailored-jacket/19020374/buy,"https://assets.myntassets.com/dpr_2,q_60,w_210,c_limit,fl_progressive/assets/images/19020374/2024/8/29/5f0ed819-5836-4f4f-867e-ff40e45797971724916892405-US-Polo-Assn-Men-Grey-Solid-Tailored-Jacket-2781724916891738-1.jpg",jackets,M,U.S. Polo Assn.,Mock Collar Tailored Jacket,3.6,19,4399
https://www.myntra.com/jackets/u.s.+polo+assn.+denim+co./u-s-polo-assn-denim-co-men-black-brand-logo-hooded-collar-puffer-jacket/19166014/buy,"https://assets.myntassets.com/dpr_2,q_60,w_210,c_limit,fl_progressive/assets/images/19166014/2022/11/8/915d1afa-0fb8-4281-b3f8-72d37ed864ad1667929249461-U-S-Polo-Assn-Denim-Co-Men-Black-Brand-Logo-Hooded-Collar-Pu-1.jpg",jackets,M,U.S. Polo Assn. Denim Co.,Men Brand Logo Puffer Jacket,4.2,266,3499
https://www.myntra.com/jackets/campus+sutra/campus-sutra-windcheater-jacket/26130150/buy,"https://assets.myntassets.com/dpr_2,q_60,w_210,c_limit,fl_progressive/assets/images/26130150/2023/11/29/c208c973-87ef-4844-81c7-9ee664c7f4251701256265224CampusSutraMenTanSuedeWindcheaterOutdoorBikerJacket1.jpg",jackets,M,Campus Sutra,Windcheater Jacket,4,1200,1854
https://www.myntra.com/jackets/stylecast+x+revolte/stylecast-x-revolte-men-hooded-long-sleeves-tailored-jacket/31038819/buy,"https://assets.myntassets.com/dpr_2,q_60,w_210,c_limit,fl_progressive/assets/images/2024/SEPTEMBER/21/T3YqLB9H_9feb36e476864d8284da6e570345cc0a.jpg",jackets,M,StyleCast x Revolte,Men Hooded Tailored Jacket,3.1,274,1209
https://www.myntra.com/jackets/u.s.+polo+assn.+denim+co./us-polo-assn-denim-co-hooded-sporty-jacket/26076916/buy,"https://assets.myntassets.com/dpr_2,q_60,w_210,c_limit,fl_progressive/assets/images/26076916/2023/11/27/6c8c0dc6-e038-4619-b874-4e44044721ed1701078611957USPoloAssnDenimCoMenBlackPufferJacket1.jpg",jackets,M,U.S. Polo Assn. Denim Co.,Hooded Sporty Jacket,4.2,37,5999
https://www.myntra.com/jackets/dennis+lingo/dennis-lingo-long-sleeves-mock-collar-reversible-padded-jacket/30980233/buy,"https://assets.myntassets.com/dpr_2,q_60,w_210,c_limit,fl_progressive/assets/images/30980233/2024/9/27/118a1e6d-af13-4b40-b327-118b5be046461727418947011-Dennis-Lingo-Long-Sleeves-Mock-Collar-Reversible-Padded-Jack-1.jpg",jackets,M,Dennis Lingo,Reversible Padded Jacket,4.6,18,1799
https://www.myntra.com/jackets/u.s.+polo+assn.+denim+co./us-polo-assn-denim-co-spread-collar-denim-jacket/30424845/buy,"https://assets.myntassets.com/dpr_2,q_60,w_210,c_limit,fl_progressive/assets/images/30424845/2024/9/27/2a991d81-cd7f-4bcf-94ec-9c28c1d116ba1727436219786-US-Polo-Assn-Denim-Co-Spread-Collar-Denim-Jacket-41727436219-1.jpg",jackets,M,U.S. Polo Assn. Denim Co.,Spread Collar Denim Jacket,4.4,142,2959
https://www.myntra.com/jackets/hrx+by+hrithik+roshan/hrx-by-hrithik-roshan-men-navy-blue-solid-padded-jacket/11846940/buy,"https://assets.myntassets.com/dpr_2,q_60,w_210,c_limit,fl_progressive/assets/images/11846940/2020/9/25/4865add2-7c5e-4627-bee0-1c5840cfd72d1601029454113-HRX-by-Hrithik-Roshan-Men-Jackets-6241601029451849-1.jpg",jackets,M,HRX by Hrithik Roshan,Solid Padded Jacket,4.1,9900,1919
https://www.myntra.com/jackets/stylecast+x+revolte/stylecast-x-revolte-men-hooded-puffer-jacket/31011309/buy,"https://assets.myntassets.com/dpr_2,q_60,w_210,c_limit,fl_progressive/assets/images/2024/SEPTEMBER/19/08XF8xEC_fea38e5c19774117af3a07790c430136.jpg",jackets,M,StyleCast x Revolte,Men Hooded Puffer Jacket,4.1,247,1677
https://www.myntra.com/jackets/u.s.+polo+assn./us-polo-assn-mock-collar-bomber-jacket/24769024/buy,"https://assets.myntassets.com/dpr_2,q_60,w_210,c_limit,fl_progressive/assets/images/24769024/2023/10/12/93aea0f5-3d7c-4bc8-b7f8-fd07fc7350661697105236502-US-Polo-Assn-Mock-Collar-Bomber-Jacket-9351697105236064-1.jpg",jackets,M,U.S. Polo Assn.,Bomber Jacket,4.7,44,4399
https://www.myntra.com/jackets/and/and-women-polyester-longline-duster-jacket/29577864/buy,"https://assets.myntassets.com/dpr_2,q_60,w_210,c_limit,fl_progressive/assets/images/29577864/2024/5/17/662a14c3-ce69-47b7-854e-5eed9d32baa01715928385878ANDWomenPolyesterLonglineDusterJacket1.jpg",jackets,F,AND,Longline Duster Jacket,4.5,33,Rs. 3099
https://www.myntra.com/jackets/baesd/baesd-spread-collar-washed-cotton-denim-jacket/24638410/buy,"https://assets.myntassets.com/dpr_2,q_60,w_210,c_limit,fl_progressive/assets/images/24638410/2023/8/24/0caea0c8-5f60-4178-927f-03367d769b361692883369554BAESDWomenNavyBlueWashedLonglineDenimJacket1.jpg",jackets,F,BAESD,Washed Denim Jacket,3.8,576,751
https://www.myntra.com/jackets/kotty/kotty-women-winters-striped-crop-puffer-jacket/29921256/buy,"https://assets.myntassets.com/dpr_2,q_60,w_210,c_limit,fl_progressive/assets/images/29921256/2024/6/7/1e06a387-3c51-4e9e-8e14-fe8356b0f5601717775592628KottyWomenStripedCropPufferJacket1.jpg",jackets,F,Kotty,Women Crop Puffer Jacket,3.7,955,1079
https://www.myntra.com/jackets/tokyo+talkies/tokyo-talkies-women-denim-jacket/30761499/buy,"https://assets.myntassets.com/dpr_2,q_60,w_210,c_limit,fl_progressive/assets/images/30761499/2024/11/29/e6676868-5cd0-47e2-b02e-744e963fc80a1732890625318-Tokyo-Talkies-Women-Denim-Jacket-2981732890624838-1.jpg",jackets,F,Tokyo Talkies,Denim Jacket,4.5,8,793
https://www.myntra.com/jackets/kica/kica-mock-collar-insulator-puffer-jacket/25690966/buy,"https://assets.myntassets.com/dpr_2,q_60,w_210,c_limit,fl_progressive/assets/images/25690966/2024/10/10/b5a25d04-bc20-430d-b1f1-4fdee87dae6d1728526462430-KICA-Mock-Collar-Insulator-Puffer-Jacket-2731728526462018-1.jpg",jackets,F,KICA,Insulator Puffer Jacket,4,13,1679
https://www.myntra.com/kurtas/jompers/jompers-ethnic-motifs-embroidered-sequinned-mandarin-collar-straight-kurta/29102908/buy,"https://assets.myntassets.com/dpr_2,q_60,w_210,c_limit,fl_progressive/assets/images/29102908/2024/4/23/c4ea899e-e1ad-470d-bcd6-4fbd902659f31713857185268JompersMenThreadWorkKurta1.jpg",kurta,M,Jompers,Embroidered Straight Kurta,4.2,2200,1185
https://www.myntra.com/kurtas/jompers/jompers-floral-embroidered-mirror-work-mandarin-collar-cotton-silk-straight-kurta/29102934/buy,"https://assets.myntassets.com/dpr_2,q_60,w_210,c_limit,fl_progressive/assets/images/29102934/2024/4/23/233cad9f-765e-4869-bae9-41b80c547e6a1713857663669JompersMenMirrorWorkKurta1.jpg",kurta,M,Jompers,Embroidered Cotton Silk Kurta,4.2,259,1193
https://www.myntra.com/kurtas/jompers/jompers-ethnic-motifs-printed-mandarin-collar-straight-kurta/30424069/buy,"https://assets.myntassets.com/dpr_2,q_60,w_210,c_limit,fl_progressive/assets/images/2024/JULY/31/LLmfLn7A_e4a055e439794f09adc55e7ad6ad0702.jpg",kurta,M,Jompers,Printed Straight Kurta,4.3,306,890
https://www.myntra.com/kurtas/vastrado/vastrado-striped-mandarin-collar-dobby-weave-cotton-short-kurta/31355359/buy,"https://assets.myntassets.com/dpr_2,q_60,w_210,c_limit,fl_progressive/assets/images/2024/OCTOBER/18/xeFk67ub_9e336e95f59244d186b9800b566926b7.jpg",kurta,M,VASTRADO,Striped Cotton Short Kurta,4.1,9,824
https://www.myntra.com/kurtas/here%26now/herenow-men-solid-cotton-kurta/24454594/buy,"https://assets.myntassets.com/dpr_2,q_60,w_210,c_limit,fl_progressive/assets/images/24454594/2023/9/1/a8d3662a-f798-4b46-9868-6b61178482d11693561125286-HERENOW-Men-Shirts-7401693561124830-1.jpg",kurta,M,HERE&NOW,Men Kurta,4.3,4300,797
https://www.myntra.com/kurtas/jompers/jompers-ethnic-motifs-embroidered-mandarin-collar-straight-pure-cotton-straight-kurta/28932986/buy,"https://assets.myntassets.com/dpr_2,q_60,w_210,c_limit,fl_progressive/assets/images/28932986/2024/4/15/de378498-9247-45b8-81a5-c309cc0fc5721713166779195JompersMenEthnicMotifsPathaniKurta1.jpg",kurta,M,Jompers,Embroidered Pure Cotton Kurta,4.2,2000,1195
https://www.myntra.com/kurtas/jompers/jompers-embroidered-mandarin-collar-chikankari-kurta/22708160/buy,"https://assets.myntassets.com/dpr_2,q_60,w_210,c_limit,fl_progressive/assets/images/22708160/2023/4/8/5c5e4e42-aecf-4351-93c2-dc363c1b549a1680953660338EmbroideredKurtas1.jpg",kurta,M,Jompers,Mandarin Collar Kurta,4.2,2500,895
https://www.myntra.com/kurtas/vastramay/vastramay-men-georgette-sequence-semi-sheer-kurta/22444218/buy,"https://assets.myntassets.com/dpr_2,q_60,w_210,c_limit,fl_progressive/assets/images/22444218/2024/10/21/6719d791-595b-4be4-b511-0743d75c0aa41729492247198-VASTRAMAY-Men-Georgette-Sequence-Semi-Sheer-Kurta-7271729492-1.jpg",kurta,M,VASTRAMAY,Embellished Georgette Kurta,4.2,477,1644
https://www.myntra.com/kurtas/jompers/jompers-men-cream-coloured-geometric-thread-work-kurta/24610658/buy,"https://assets.myntassets.com/dpr_2,q_60,w_210,c_limit,fl_progressive/assets/images/24610658/2023/8/23/14d9daad-49c5-4b46-9e01-5ac16249056d1692788243220JompersMenCream-ColouredGeometricThreadWorkKurta1.jpg",kurta,M,Jompers,Geometric Thread Work Kurta,4.2,280,890
https://www.myntra.com/kurtas/anouk/anouk-men-mustard-yellow--white-geometric-printed-kurta/17094664/buy,"https://assets.myntassets.com/dpr_2,q_60,w_210,c_limit,fl_progressive/assets/images/17094664/2022/4/22/55c9cd5e-9c13-44de-b126-90ee46a835d21650628238715-Anouk-Men-Mustard-Yellow--White-Geometric-Printed-Kurta-1041-1.jpg",kurta,M,Anouk,Men Geometric Printed Kurta,4.2,4500,734
https://www.myntra.com/kurtas/sangria/sangria-embroidered-v-neck-three-quarter-sleeves-thread-work-straight-kurta/27367390/buy,"https://assets.myntassets.com/dpr_2,q_60,w_210,c_limit,fl_progressive/assets/images/27367390/2024/2/5/36079f89-fd7b-47f7-a0b4-3977a2fac8661707149749625SangriaWomensSolidCoffeeColorDesignerWorkTrendyStylishKurti6.jpg",kurta,F,Sangria,Embroidered Straight Kurta,3.7,844,964
https://www.myntra.com/kurtas/ada/ada-women-white--pink-chikankari-embroidered-straight--handloom-kurta/11935458/buy,"https://assets.myntassets.com/dpr_2,q_60,w_210,c_limit,fl_progressive/assets/images/11935458/2020/6/30/844d8b43-d4fe-449a-a01f-a96ead85c9691593509703396-ADA-Women-White--Pink-Chikankari-Embroidered-Straight-Kurta--1.jpg",kurta,F,ADA,Chikankari Embroidered Handloom Kurta,4.3,1200,Rs. 999
https://www.myntra.com/kurtas/vishudh/vishudh-woman-pink-floral-printed-keyhole-neck-kurta/16334432/buy,"https://assets.myntassets.com/dpr_2,q_60,w_210,c_limit,fl_progressive/assets/images/16334432/2021/12/2/2245539c-9bc1-4eea-8b4f-84263660dafd1638434508019Kurtas1.jpg",kurta,F,Vishudh,Woman Pink Floral PrintedKurta,4.1,4800,455
https://www.myntra.com/kurtas/gosriki/gosriki-floral-embroidered-notch-neck-thread-work-cotton-kurta/21940458/buy,"https://assets.myntassets.com/dpr_2,q_60,w_210,c_limit,fl_progressive/assets/images/21940458/2023/2/11/9a085e07-2a31-4cf7-beec-ac7d05ad3aaa1676107774589KALINIWomenWhiteEmbroideredStraightKurta6.jpg",kurta,F,GoSriKi,Embroidered Cotton Kurta,4,13100,895
https://www.myntra.com/kurtas/inddus/inddus-black-floral-embroidered-sequinned-georgette-anarkali-kurta-with-dupatta/25086538/buy,"https://assets.myntassets.com/dpr_2,q_60,w_210,c_limit,fl_progressive/assets/images/25086538/2023/9/21/31154ad5-cc7b-406c-9232-21a67a7f27711695288456693InddusWomenBlackEmbroideredCold-ShoulderSleevesFloralGeorget1.jpg",kurta,F,Inddus,Embroidered Kurta With Dupatta,4.3,502,3191
https://www.myntra.com/kurtas/anouk/anouk-abstract-printed-indigo-straight-kurta/21245020/buy,"https://assets.myntassets.com/dpr_2,q_60,w_210,c_limit,fl_progressive/assets/images/21245020/2023/2/3/13fe3200-4ad8-4043-a0e7-b4800bfe212f1675409554007-Anouk-Women-Kurtas-1991675409553402-1.jpg",kurta,F,Anouk,Women Printed Kurta,4.3,4200,543
https://www.myntra.com/kurtas/libas/libas-floral-embroidered-straight-pastel-kurta/28270772/buy,"https://assets.myntassets.com/dpr_2,q_60,w_210,c_limit,fl_progressive/assets/images/28270772/2024/6/7/79f0e08a-ca53-4ba4-b95c-0afc981d6fb91717751561807-Libas-Floral-Embroidered-Straight-Pastel-Kurta-2621717751561-7.jpg",kurta,F,Libas,Floral Embroidered Kurta,3.9,149,730
https://www.myntra.com/kurtas/biba/biba-women-ethnic-motifs-printed-sequinned-kurta/28098030/buy,"https://assets.myntassets.com/dpr_2,q_60,w_210,c_limit,fl_progressive/assets/images/28098030/2024/3/7/fc26edbe-5e27-4943-a230-4ebc92ab01d31709805278548BibaWomenEthnicMotifsPrintedSequinnedKurta1.jpg",kurta,F,Biba,Women Ethnic Motifs Printed Kurta,3.5,112,1119
https://www.myntra.com/kurtas/anouk/anouk-notched-neck-thread-work-pure-cotton-straight-kurta/30448437/buy,"https://assets.myntassets.com/dpr_2,q_60,w_210,c_limit,fl_progressive/assets/images/2024/AUGUST/2/2cHbr5N6_4bb16dfd472543ba9197a4be36ba2997.jpg",kurta,F,Anouk,Pure Cotton Straight Kurta,4,263,549
https://www.myntra.com/kurtas/libas/libas-women-teal-blue--golden-yoke-design-kurta/18137360/buy,"https://assets.myntassets.com/dpr_2,q_60,w_210,c_limit,fl_progressive/assets/images/18137360/2024/3/12/0a95357f-0bf7-48fb-89a6-929e8df595821710228137046-Libas-Women-Teal-Blue--Golden-Yoke-Design-Kurta-823171022813-7.jpg",kurta,F,Libas,Women Yoke Design Kurta,4.5,5200,799
https://www.myntra.com/sherwani/kisah/kisah-men-woven-design-straight-indowestern-sherwani-set/22215518/buy,"https://assets.myntassets.com/dpr_2,q_60,w_210,c_limit,fl_progressive/assets/images/22215518/2023/3/3/8c769de9-26b9-4f9d-8f6a-3e61394e7a501677845376333KisahMenOliveSherwaniSet1.jpg",sherwani,M,KISAH,Jacquard Sherwani Set,4,66,6819
https://www.myntra.com/sherwani/vastramay/vastramay-men-cream-colored-mirror-worked-sherwani-set/19488416/buy,"https://assets.myntassets.com/dpr_2,q_60,w_210,c_limit,fl_progressive/assets/images/19488416/2022/8/12/c926be21-2944-48a6-a4e7-98999e8d78741660312674175ShresthaMensCreamMirrorWorkIndo-WesternSherwaniSet1.jpg",sherwani,M,VASTRAMAY,Men Mirror Worked Sherwani Set,3.9,109,4699
https://www.myntra.com/sherwani/vastramay/vastramay-men-black-solid-sherwani-set/19896302/buy,"https://assets.myntassets.com/dpr_2,q_60,w_210,c_limit,fl_progressive/assets/images/19896302/2022/9/12/224258c7-5e1e-4bcb-bf82-1d6f385aff4b1662961336322VastramayMensBlackSilkBlendSherwaniSet1.jpg",sherwani,M,VASTRAMAY,Men Solid Sherwani Set,3.6,103,3679
https://www.myntra.com/sherwani/vastramay/vastramay-embroidered-indo-western-sherwani-set/24969508/buy,"https://assets.myntassets.com/dpr_2,q_60,w_210,c_limit,fl_progressive/assets/images/24969508/2023/9/14/54174243-28b1-46c5-bc7d-836ad124a8401694672069357VastramayMensPurpleEmbroideredIndoWesternWithBlueViscoseKurt1.jpg",sherwani,M,VASTRAMAY,Embroidered Sherwani Set,4.3,250,4895
https://www.myntra.com/sherwani/vastramay/vastramay-men-glitter-silk-blend-indo-western-sherwani-set/20929960/buy,"https://assets.myntassets.com/dpr_2,q_60,w_210,c_limit,fl_progressive/assets/images/20929960/2022/11/25/3f94ad88-ed16-4d48-9daa-24668873c6451669389720848ShresthaByVastramayMensNavyBlueGlitterIndoWesternSherwaniSet1.jpg",sherwani,M,VASTRAMAY,Men Woven-Design Sherwani Set,4,59,3899
https://www.myntra.com/sherwani/kisah/kisah-men-self-design-mandarin-collar-indowestern-sherwani-set/25263004/buy,"https://assets.myntassets.com/dpr_2,q_60,w_210,c_limit,fl_progressive/assets/images/25263004/2023/9/29/c524c652-8e47-40aa-b00f-c25e97960a151695968680164KISAHMenSelfDesignMandarinCollarSherwaniSet1.jpg",sherwani,M,KISAH,Jacquard Kurta Sherwani Set,4.1,15,4796
https://www.myntra.com/sherwani/amzira/amzira-self-design-cotton-sherwani-set/26532174/buy,"https://assets.myntassets.com/dpr_2,q_60,w_210,c_limit,fl_progressive/assets/images/26532174/2023/12/19/7cdd9d2f-4970-46cc-95c4-b865d6a40fc61702989720195MensSelfDesignSherwaniSet1.jpg",sherwani,M,amzira,Cotton Sherwani Set,3.6,17,Rs. 2399
https://www.myntra.com/sarees/tikhi+imli/tikhi-imli-sequinned-satin-saree/30237243/buy,"https://assets.myntassets.com/dpr_2,q_60,w_210,c_limit,fl_progressive/assets/images/30237243/2024/7/18/46781f35-e1cf-48ac-8fba-982ff75ab6a41721290831863TikhiImliSequinnedSatinSaree1.jpg",saree,F,Tikhi Imli,Satin Saree,4.3,1900,999
https://www.myntra.com/sarees/kalini/kalini-woven-design-zari-silk-blend-banarasi-saree/23409872/buy,"https://assets.myntassets.com/dpr_2,q_60,w_210,c_limit,fl_progressive/assets/images/23409872/2023/5/25/4186dad0-fa19-4cce-a013-22e247efc80a1685030695299KaliniNavyBlueSilkBlendEthnicWovenDesignFestiveSareewithMatc1.jpg",saree,F,KALINI,Woven Design Banarasi Saree,3.9,847,859
https://www.myntra.com/sarees/all+about+you/all-about-you-embroidered-satin-saree/28206710/buy,"https://assets.myntassets.com/dpr_2,q_60,w_210,c_limit,fl_progressive/assets/images/28206710/2024/3/12/8f5a1d59-a5f8-44d4-b1cb-a72a9e1ad7bf1710233595802MaroonSatinSolidwithEmbroideredLaceSaree1.jpg",saree,F,all about you,Embroidered Satin Saree,4.6,5300,1739
https://www.myntra.com/sarees/here%26now/herenow-teal-floral-embroidered-saree/24925630/buy,"https://assets.myntassets.com/dpr_2,q_60,w_210,c_limit,fl_progressive/assets/images/24925630/2023/9/12/d4e2381c-690d-4986-a565-ccb95fd3de811694532279255HERENOWTealRedFloralEmbroideredSaree1.jpg",saree,F,HERE&NOW,Floral Embroidered Saree,4.2,330,1574
https://www.myntra.com/sarees/kalini/kalini-kalamkari-printed-block-print-saree/27214066/buy,"https://assets.myntassets.com/dpr_2,q_60,w_210,c_limit,fl_progressive/assets/images/27214066/2024/1/29/25f22eaa-c9e8-422e-be02-2eddbe59332d1706510055234KALINIKalamkariArtSilkBlockPrintSaree1.jpg",saree,F,KALINI,Kalamkari Block Print Saree,4.3,2900,601
https://www.myntra.com/sarees/swadesi+stuff/swadesi-stuff-embellished-beads-and-stones-pure-georgette-heavy-work-saree/31744786/buy,"https://assets.myntassets.com/dpr_2,q_60,w_210,c_limit,fl_progressive/assets/images/2024/NOVEMBER/26/e9vs46IL_81a6c6fee7be4ab58dbdc0377e92cce4.jpg",saree,F,SWADESI STUFF,Pure Georgette Saree,2.9,9,899
https://www.myntra.com/sarees/rachna/rachna-floral-art-silk-ready-to-wear-saree/30592391/buy,"https://assets.myntassets.com/dpr_2,q_60,w_210,c_limit,fl_progressive/assets/images/2024/AUGUST/15/aAWWu6Rc_cdf3747b9976436e9ce743b33ba87ccc.jpg",saree,F,RACHNA,Ready to Wear Saree,4.4,59,1329
